[
    {
        "id": "075bb1d2fb8a1a17",
        "type": "tab",
        "label": "플로우 1",
        "disabled": false,
        "info": "",
        "env": []
    },
    {
        "id": "f07059870bc2f9ae",
        "type": "ui_chart",
        "z": "075bb1d2fb8a1a17",
        "name": "",
        "group": "3563f1dd545d2844",
        "order": 1,
        "width": 4,
        "height": 5,
        "label": "온도(oC)",
        "chartType": "line",
        "legend": "false",
        "xformat": "HH:mm:ss",
        "interpolate": "linear",
        "nodata": "",
        "dot": false,
        "ymin": "-25",
        "ymax": "45",
        "removeOlder": 1,
        "removeOlderPoints": "",
        "removeOlderUnit": "3600",
        "cutout": 0,
        "useOneColor": false,
        "useUTC": false,
        "colors": [
            "#1f77b4",
            "#aec7e8",
            "#ff7f0e",
            "#2ca02c",
            "#98df8a",
            "#d62728",
            "#ff9896",
            "#9467bd",
            "#c5b0d5"
        ],
        "outputs": 1,
        "useDifferentColor": false,
        "className": "",
        "x": 820,
        "y": 440,
        "wires": [
            []
        ]
    },
    {
        "id": "c7084efe36553963",
        "type": "ui_chart",
        "z": "075bb1d2fb8a1a17",
        "name": "",
        "group": "3563f1dd545d2844",
        "order": 2,
        "width": 4,
        "height": 5,
        "label": "습도(%)",
        "chartType": "line",
        "legend": "false",
        "xformat": "HH:mm:ss",
        "interpolate": "linear",
        "nodata": "",
        "dot": false,
        "ymin": "-0",
        "ymax": "100",
        "removeOlder": 1,
        "removeOlderPoints": "",
        "removeOlderUnit": "3600",
        "cutout": 0,
        "useOneColor": false,
        "useUTC": false,
        "colors": [
            "#1f77b4",
            "#aec7e8",
            "#ff7f0e",
            "#2ca02c",
            "#98df8a",
            "#d62728",
            "#ff9896",
            "#9467bd",
            "#c5b0d5"
        ],
        "outputs": 1,
        "useDifferentColor": false,
        "className": "",
        "x": 820,
        "y": 360,
        "wires": [
            []
        ]
    },
    {
        "id": "9c1373da3ad61fb7",
        "type": "ui_button",
        "z": "075bb1d2fb8a1a17",
        "name": "",
        "group": "638057f9171107ad",
        "order": 1,
        "width": 4,
        "height": 1,
        "passthru": false,
        "label": "ON",
        "tooltip": "",
        "color": "",
        "bgcolor": "rgb(127,65,0)",
        "className": "",
        "icon": "",
        "payload": "ON",
        "payloadType": "str",
        "topic": "topic",
        "topicType": "msg",
        "x": 550,
        "y": 220,
        "wires": [
            [
                "c4401639a3fb11c9"
            ]
        ]
    },
    {
        "id": "8b50d41d719d1635",
        "type": "ui_button",
        "z": "075bb1d2fb8a1a17",
        "name": "",
        "group": "638057f9171107ad",
        "order": 2,
        "width": 4,
        "height": 1,
        "passthru": false,
        "label": "OFF",
        "tooltip": "",
        "color": "",
        "bgcolor": "rgb(0,80,80)",
        "className": "",
        "icon": "",
        "payload": "OFF",
        "payloadType": "str",
        "topic": "topic",
        "topicType": "msg",
        "x": 550,
        "y": 280,
        "wires": [
            [
                "c4401639a3fb11c9"
            ]
        ]
    },
    {
        "id": "2e442a367d897622",
        "type": "ui_slider",
        "z": "075bb1d2fb8a1a17",
        "name": "",
        "label": "밝기",
        "tooltip": "",
        "group": "638057f9171107ad",
        "order": 6,
        "width": 8,
        "height": 1,
        "passthru": true,
        "outs": "all",
        "topic": "topic",
        "topicType": "msg",
        "min": 0,
        "max": "255",
        "step": 1,
        "className": "",
        "x": 570,
        "y": 540,
        "wires": [
            [
                "4902ea42fdbdf935"
            ]
        ]
    },
    {
        "id": "7c428e5cc62485e2",
        "type": "ui_gauge",
        "z": "075bb1d2fb8a1a17",
        "name": "",
        "group": "638057f9171107ad",
        "order": 4,
        "width": 8,
        "height": 3,
        "gtype": "donut",
        "title": "버튼꾺꾺",
        "label": "units",
        "format": "{{value}}",
        "min": 0,
        "max": "1",
        "colors": [
            "#00b500",
            "#e6e600",
            "#ca3838"
        ],
        "seg1": "",
        "seg2": "",
        "className": "",
        "x": 820,
        "y": 100,
        "wires": []
    },
    {
        "id": "45faa1578c3f3309",
        "type": "mqtt in",
        "z": "075bb1d2fb8a1a17",
        "name": "",
        "topic": "myroom/on",
        "qos": "0",
        "datatype": "auto-detect",
        "broker": "09a981349f7f5e78",
        "nl": false,
        "rap": true,
        "rh": 0,
        "inputs": 0,
        "x": 560,
        "y": 80,
        "wires": [
            [
                "7c428e5cc62485e2"
            ]
        ]
    },
    {
        "id": "c4401639a3fb11c9",
        "type": "mqtt out",
        "z": "075bb1d2fb8a1a17",
        "name": "",
        "topic": "myroom/led1",
        "qos": "2",
        "retain": "",
        "respTopic": "",
        "contentType": "",
        "userProps": "",
        "correl": "",
        "expiry": "",
        "broker": "09a981349f7f5e78",
        "x": 830,
        "y": 240,
        "wires": []
    },
    {
        "id": "91c361c24e4353d6",
        "type": "mqtt in",
        "z": "075bb1d2fb8a1a17",
        "name": "",
        "topic": "myroom/humid",
        "qos": "2",
        "datatype": "auto-detect",
        "broker": "09a981349f7f5e78",
        "nl": false,
        "rap": true,
        "rh": 0,
        "inputs": 0,
        "x": 580,
        "y": 360,
        "wires": [
            [
                "c7084efe36553963"
            ]
        ]
    },
    {
        "id": "86f4358787cd5e46",
        "type": "mqtt in",
        "z": "075bb1d2fb8a1a17",
        "name": "",
        "topic": "myroom/temp",
        "qos": "2",
        "datatype": "auto-detect",
        "broker": "09a981349f7f5e78",
        "nl": false,
        "rap": true,
        "rh": 0,
        "inputs": 0,
        "x": 570,
        "y": 440,
        "wires": [
            [
                "f07059870bc2f9ae"
            ]
        ]
    },
    {
        "id": "e9b0e2e3c289187c",
        "type": "mqtt in",
        "z": "075bb1d2fb8a1a17",
        "name": "",
        "topic": "myroom/off",
        "qos": "2",
        "datatype": "auto-detect",
        "broker": "09a981349f7f5e78",
        "nl": false,
        "rap": true,
        "rh": 0,
        "inputs": 0,
        "x": 560,
        "y": 140,
        "wires": [
            [
                "7c428e5cc62485e2"
            ]
        ]
    },
    {
        "id": "4902ea42fdbdf935",
        "type": "mqtt out",
        "z": "075bb1d2fb8a1a17",
        "name": "",
        "topic": "myroom/led2",
        "qos": "2",
        "retain": "",
        "respTopic": "",
        "contentType": "",
        "userProps": "",
        "correl": "",
        "expiry": "",
        "broker": "09a981349f7f5e78",
        "x": 830,
        "y": 540,
        "wires": []
    },
    {
        "id": "d983824a013e5c91",
        "type": "ui_spacer",
        "z": "075bb1d2fb8a1a17",
        "name": "spacer",
        "group": "638057f9171107ad",
        "order": 3,
        "width": 8,
        "height": 1
    },
    {
        "id": "408cf11351b49279",
        "type": "ui_spacer",
        "z": "075bb1d2fb8a1a17",
        "name": "spacer",
        "group": "638057f9171107ad",
        "order": 5,
        "width": 8,
        "height": 1
    },
    {
        "id": "3563f1dd545d2844",
        "type": "ui_group",
        "name": "환경",
        "tab": "bb3b8646b247c6b3",
        "order": 2,
        "disp": true,
        "width": 8,
        "collapse": false,
        "className": ""
    },
    {
        "id": "638057f9171107ad",
        "type": "ui_group",
        "name": "전등",
        "tab": "bb3b8646b247c6b3",
        "order": 1,
        "disp": true,
        "width": 8,
        "collapse": false,
        "className": ""
    },
    {
        "id": "09a981349f7f5e78",
        "type": "mqtt-broker",
        "name": "",
        "broker": "70.12.227.141",
        "port": "1883",
        "clientid": "",
        "autoConnect": true,
        "usetls": false,
        "protocolVersion": "4",
        "keepalive": "60",
        "cleansession": true,
        "birthTopic": "",
        "birthQos": "0",
        "birthPayload": "",
        "birthMsg": {},
        "closeTopic": "",
        "closeQos": "0",
        "closePayload": "",
        "closeMsg": {},
        "willTopic": "",
        "willQos": "0",
        "willPayload": "",
        "willMsg": {},
        "userProps": "",
        "sessionExpiry": ""
    },
    {
        "id": "bb3b8646b247c6b3",
        "type": "ui_tab",
        "name": "Myroom",
        "icon": "dashboard",
        "disabled": false,
        "hidden": false
    }
]